What is your gender?,,What's your occupation?,,How long have you been engaged in software development? (except the time in school),How often do you participate in or contribute to open source software communities?,What factors motivate you to make contributions on Stack Overflow? Please choose an option for each factors.,,,,,,,,Do you have a goal of earning certain reputation points?,,Do you have a goal of earning certain badges?,,Do you have a goal of getting a certain rank in the community?,,Are you likely contribute less or even stop contributing after achieving a specific goal?,,,,How often do you check for the updates of the virtual rewards on Stack Overflow?,,,
Response,Other (please specify),Response,Other (please specify),Response,Response,Enjoying helping others,Learning and improving programming skills,Job opportunities,Earning reputation points,Earning badges,"Obtaining good rankings, e.g., the weekly reputation ranking","Getting some privileges, e.g., closing a question",Other (please specify),Response,"Yes (please specify your target points, e.g., 10k reputation points)",Response,"Yes (please specify the most desired badge you want to earn, e.g., explainer)",Response,"Yes (please specify your target ranking, e.g., top10 contributor)",I will provide less contributions after earning certain account of reputation points,I will provide less contributions after earning certain account of badges,I will provide less contributions after getting a certain ranking,I will provide less contributions after getting certain privileges,Checking for the updates of my reputation points,Checking for the updates of my badges,Checking for the updates of my rankings in the community,Checking for the updates of the questions with bounties
Other (please specify),nonbinary,Agree,,6~10 years,Usually,The most primary motivation,A secondary motivation,Not my motivation,Not my motivation,Not my motivation,Not my motivation,Not my motivation,,No,,No,,No,,Very unlikely,Very unlikely,Very unlikely,Very unlikely,Rarely,Never,Never,Never
Male,,Neither agree nor disagree,,1~5 years,Rarely,A secondary motivation,The most primary motivation,"One of my motivations, but not important",A secondary motivation,Not my motivation,Not my motivation,Not my motivation,,No,,No,,No,,Very unlikely,Very unlikely,Very unlikely,Very unlikely,Usually,Usually,Rarely,Never
Male,,Disagree,,>10 years,Never,The most primary motivation,A secondary motivation,Not my motivation,"One of my motivations, but not important",Not my motivation,Not my motivation,Not my motivation,,No,,No,,No,,Very unlikely,Very unlikely,Very unlikely,Very unlikely,Never,Never,Never,Never
Male,,Agree,,>10 years,Usually,A secondary motivation,The most primary motivation,Not my motivation,"One of my motivations, but not important","One of my motivations, but not important",Not my motivation,A secondary motivation,,No,,No,,No,,Very unlikely,Very unlikely,Very unlikely,Very unlikely,Rarely,Never,Never,Never
Male,,Agree,,6~10 years,Rarely,A secondary motivation,The most primary motivation,Not my motivation,Not my motivation,Not my motivation,Not my motivation,Not my motivation,,No,,No,,No,,Neither likely nor unlikely,Neither likely nor unlikely,Neither likely nor unlikely,Neither likely nor unlikely,Never,Never,Never,Never
Male,,Neither agree nor disagree,,>10 years,Sometimes,The most primary motivation,A secondary motivation,A secondary motivation,Not my motivation,Not my motivation,Not my motivation,A secondary motivation,,No,,No,,No,,Very unlikely,Very unlikely,Very unlikely,Very unlikely,Never,Never,Never,Never
Male,,Agree,,6~10 years,Sometimes,The most primary motivation,The most primary motivation,"One of my motivations, but not important",A secondary motivation,"One of my motivations, but not important","One of my motivations, but not important",A secondary motivation,,No,,No,,No,,Unlikely,Unlikely,Unlikely,Unlikely,Sometimes,Sometimes,Sometimes,Sometimes
Male,,Agree,,>10 years,Sometimes,"One of my motivations, but not important",A secondary motivation,"One of my motivations, but not important",The most primary motivation,The most primary motivation,Not my motivation,"One of my motivations, but not important",N/A,No,,No,,No,,Very unlikely,Very unlikely,Very unlikely,Very unlikely,Rarely,Rarely,Never,Never
Male,,Agree,,>10 years,Sometimes,"One of my motivations, but not important",A secondary motivation,"One of my motivations, but not important",The most primary motivation,"One of my motivations, but not important",Not my motivation,Not my motivation,,No,,No,,"Yes (please specify your target ranking, e.g., top10 contributor)",Top5%,Very unlikely,Very unlikely,Very unlikely,Very unlikely,Sometimes,Sometimes,Sometimes,Never
Male,,Agree,,6~10 years,Sometimes,The most primary motivation,The most primary motivation,The most primary motivation,A secondary motivation,"One of my motivations, but not important","One of my motivations, but not important","One of my motivations, but not important",,No,,No,,No,,Very unlikely,Very unlikely,Very unlikely,Very unlikely,Sometimes,Sometimes,Rarely,Sometimes
Male,,Agree,,6~10 years,Rarely,A secondary motivation,A secondary motivation,A secondary motivation,A secondary motivation,"One of my motivations, but not important",Not my motivation,A secondary motivation,,No,,No,,No,,Likely,Unlikely,Neither likely nor unlikely,Neither likely nor unlikely,Rarely,Rarely,Rarely,Never
Male,,Strongly agree,,6~10 years,Sometimes,The most primary motivation,A secondary motivation,A secondary motivation,A secondary motivation,"One of my motivations, but not important","One of my motivations, but not important","One of my motivations, but not important",,No,,No,,No,,Likely,Neither likely nor unlikely,Likely,Neither likely nor unlikely,Sometimes,Rarely,Never,Usually
Male,,Agree,,>10 years,Sometimes,The most primary motivation,"One of my motivations, but not important","One of my motivations, but not important",The most primary motivation,A secondary motivation,"One of my motivations, but not important","One of my motivations, but not important",,No,,No,,"Yes (please specify your target ranking, e.g., top10 contributor)",if there would be more privileges -- having them will be my goal.,Likely,Very unlikely,Unlikely,Very likely,Sometimes,Rarely,Rarely,Rarely
Male,,Agree,,6~10 years,Always,A secondary motivation,The most primary motivation,Not my motivation,"One of my motivations, but not important","One of my motivations, but not important","One of my motivations, but not important","One of my motivations, but not important",,No,,No,,No,,Neither likely nor unlikely,Neither likely nor unlikely,Neither likely nor unlikely,Neither likely nor unlikely,Usually,Sometimes,Sometimes,Sometimes
Male,,Agree,,1~5 years,Sometimes,"One of my motivations, but not important","One of my motivations, but not important",Not my motivation,Not my motivation,Not my motivation,Not my motivation,"One of my motivations, but not important",,No,,No,,No,,Very unlikely,Very unlikely,Very unlikely,Very unlikely,Rarely,Rarely,Never,Never
Male,,Agree,,>10 years,Sometimes,The most primary motivation,A secondary motivation,"One of my motivations, but not important","One of my motivations, but not important","One of my motivations, but not important","One of my motivations, but not important",Not my motivation,,No,,No,,No,,Very unlikely,Very unlikely,Very unlikely,Very unlikely,Rarely,Rarely,Never,Rarely
Male,,Agree,,>10 years,Always,A secondary motivation,The most primary motivation,"One of my motivations, but not important","One of my motivations, but not important","One of my motivations, but not important","One of my motivations, but not important",Not my motivation,,"Yes (please specify your target points, e.g., 10k reputation points)",10K in 3 years,No,,No,,Very unlikely,Very unlikely,Very unlikely,Very unlikely,Usually,Usually,Usually,Rarely
Male,,Agree,,1~5 years,Sometimes,The most primary motivation,"One of my motivations, but not important","One of my motivations, but not important",A secondary motivation,A secondary motivation,Not my motivation,Not my motivation,,No,,No,,No,,Very unlikely,Very unlikely,Very unlikely,Very unlikely,Sometimes,Sometimes,Rarely,Usually
Male,,Agree,,6~10 years,Sometimes,The most primary motivation,A secondary motivation,"One of my motivations, but not important","One of my motivations, but not important","One of my motivations, but not important",Not my motivation,Not my motivation,,No,,"Yes (please specify the most desired badge you want to earn, e.g., explainer)","In the past I have tried to earn badges for daily involvement/edits, but have not had such goals lately.",No,,Unlikely,Unlikely,Unlikely,Unlikely,Rarely,Rarely,Never,Rarely
Male,,Agree,,>10 years,Usually,The most primary motivation,A secondary motivation,Not my motivation,Not my motivation,Not my motivation,Not my motivation,"One of my motivations, but not important",,No,,No,,No,,Very unlikely,Very unlikely,Very unlikely,Very unlikely,Never,Never,Never,Never
Male,,Agree,,6~10 years,Usually,A secondary motivation,A secondary motivation,Not my motivation,"One of my motivations, but not important",Not my motivation,Not my motivation,Not my motivation,,No,,No,,No,,Very unlikely,Very unlikely,Very unlikely,Very unlikely,Rarely,Never,Never,Never
Male,,Neither agree nor disagree,,>10 years,Rarely,A secondary motivation,The most primary motivation,Not my motivation,"One of my motivations, but not important",Not my motivation,Not my motivation,Not my motivation,,No,,No,,No,,Unlikely,Likely,Likely,Likely,Rarely,Never,Never,Never
Male,,Strongly agree,,>10 years,Usually,The most primary motivation,A secondary motivation,Not my motivation,A secondary motivation,"One of my motivations, but not important",Not my motivation,A secondary motivation,,No,,No,,No,,Unlikely,Unlikely,Unlikely,Unlikely,Rarely,Rarely,Rarely,Rarely
Male,,Agree,,6~10 years,Sometimes,The most primary motivation,A secondary motivation,"One of my motivations, but not important","One of my motivations, but not important",Not my motivation,Not my motivation,A secondary motivation,,No,,No,,No,,Unlikely,Unlikely,Unlikely,Very unlikely,Sometimes,Rarely,Never,Sometimes
Male,,Agree,,>10 years,Rarely,A secondary motivation,The most primary motivation,Not my motivation,"One of my motivations, but not important","One of my motivations, but not important",Not my motivation,"One of my motivations, but not important",Have an archive of my own conclusions on development subjects and be able to share them and check them myself for a future reference.,No,,No,,No,,Very unlikely,Very unlikely,Very unlikely,Very unlikely,Always,Always,Never,Rarely
Male,,Agree,,>10 years,Always,The most primary motivation,The most primary motivation,The most primary motivation,The most primary motivation,The most primary motivation,A secondary motivation,A secondary motivation,,No,,No,,No,,Likely,Likely,Likely,Likely,Rarely,Rarely,Rarely,Rarely
Male,,Agree,,>10 years,Sometimes,A secondary motivation,The most primary motivation,A secondary motivation,Not my motivation,Not my motivation,Not my motivation,Not my motivation,,No,,No,,No,,Unlikely,Unlikely,Unlikely,Unlikely,Rarely,Rarely,Rarely,Rarely
Male,,Agree,,6~10 years,Sometimes,A secondary motivation,The most primary motivation,"One of my motivations, but not important",A secondary motivation,A secondary motivation,Not my motivation,Not my motivation,,"Yes (please specify your target points, e.g., 10k reputation points)",5k,No,,No,,Very unlikely,Very unlikely,Very unlikely,Very unlikely,Sometimes,Sometimes,Rarely,Sometimes
Male,,Agree,,6~10 years,Usually,A secondary motivation,The most primary motivation,Not my motivation,Not my motivation,Not my motivation,Not my motivation,Not my motivation,,No,,No,,No,,Very unlikely,Very unlikely,Very unlikely,Very unlikely,Never,Never,Never,Never
Male,,Neither agree nor disagree,,>10 years,Sometimes,The most primary motivation,The most primary motivation,"One of my motivations, but not important",A secondary motivation,A secondary motivation,"One of my motivations, but not important",A secondary motivation,,No,,No,,No,,Likely,Unlikely,Neither likely nor unlikely,Unlikely,Always,Sometimes,Rarely,Rarely
Male,,Neither agree nor disagree,,>10 years,Sometimes,A secondary motivation,"One of my motivations, but not important",Not my motivation,Not my motivation,Not my motivation,Not my motivation,Not my motivation,,No,,No,,No,,Neither likely nor unlikely,Neither likely nor unlikely,Neither likely nor unlikely,Neither likely nor unlikely,Never,Never,Never,Never
Male,,Strongly disagree,,<1 year,Rarely,A secondary motivation,A secondary motivation,Not my motivation,Not my motivation,Not my motivation,Not my motivation,Not my motivation,,No,,No,,No,,Neither likely nor unlikely,Neither likely nor unlikely,Neither likely nor unlikely,Unlikely,Never,Never,Never,Never
Male,,Agree,,1~5 years,Sometimes,The most primary motivation,A secondary motivation,A secondary motivation,"One of my motivations, but not important","One of my motivations, but not important",Not my motivation,A secondary motivation,,No,,No,,No,,Very unlikely,Very unlikely,Very unlikely,Very unlikely,Rarely,Rarely,Rarely,Rarely
Male,,Agree,,1~5 years,Sometimes,The most primary motivation,"One of my motivations, but not important","One of my motivations, but not important",A secondary motivation,"One of my motivations, but not important",Not my motivation,Not my motivation,,"Yes (please specify your target points, e.g., 10k reputation points)",50k,No,,"Yes (please specify your target ranking, e.g., top10 contributor)",top100,Unlikely,Unlikely,Very unlikely,Very unlikely,Sometimes,Sometimes,Sometimes,Sometimes
Male,,Neither agree nor disagree,,6~10 years,Sometimes,The most primary motivation,A secondary motivation,"One of my motivations, but not important","One of my motivations, but not important","One of my motivations, but not important",Not my motivation,The most primary motivation,,No,,No,,No,,Neither likely nor unlikely,Neither likely nor unlikely,Neither likely nor unlikely,Neither likely nor unlikely,Sometimes,Rarely,Never,Never
Male,,Strongly agree,,6~10 years,Always,The most primary motivation,The most primary motivation,"One of my motivations, but not important",A secondary motivation,A secondary motivation,A secondary motivation,A secondary motivation,,No,,No,,No,,Likely,Likely,Likely,Likely,Usually,Sometimes,Sometimes,Sometimes
Male,,Agree,,6~10 years,Rarely,The most primary motivation,The most primary motivation,The most primary motivation,"One of my motivations, but not important","One of my motivations, but not important","One of my motivations, but not important","One of my motivations, but not important",,No,,No,,No,,Very unlikely,Very unlikely,Very unlikely,Very unlikely,Never,Never,Never,Never
Male,,Agree,,1~5 years,Sometimes,"One of my motivations, but not important",The most primary motivation,A secondary motivation,"One of my motivations, but not important","One of my motivations, but not important",Not my motivation,"One of my motivations, but not important",,No,,No,,No,,Neither likely nor unlikely,Unlikely,Unlikely,Unlikely,Never,Never,Never,Never
Male,,Agree,,>10 years,Always,A secondary motivation,"One of my motivations, but not important",Not my motivation,Not my motivation,Not my motivation,Not my motivation,Not my motivation,,No,,No,,No,,Very unlikely,Very unlikely,Very unlikely,Very unlikely,Never,Never,Never,Never
Male,,Agree,,1~5 years,Rarely,The most primary motivation,Not my motivation,Not my motivation,Not my motivation,Not my motivation,Not my motivation,A secondary motivation,,No,,No,,No,,Very unlikely,Very unlikely,Very unlikely,Very likely,Never,Never,Never,Never
Male,,Agree,,>10 years,Usually,The most primary motivation,A secondary motivation,"One of my motivations, but not important","One of my motivations, but not important","One of my motivations, but not important","One of my motivations, but not important","One of my motivations, but not important",,No,,No,,No,,Very unlikely,Very unlikely,Very unlikely,Very unlikely,Rarely,Rarely,Rarely,Rarely
Male,,Neither agree nor disagree,,>10 years,Usually,"One of my motivations, but not important",The most primary motivation,Not my motivation,A secondary motivation,Not my motivation,Not my motivation,A secondary motivation,,No,,No,,No,,Very unlikely,Very unlikely,Very unlikely,Very unlikely,Never,Never,Never,Never
Male,,Agree,,1~5 years,Always,The most primary motivation,The most primary motivation,Not my motivation,Not my motivation,Not my motivation,Not my motivation,A secondary motivation,,No,,No,,No,,Very unlikely,Very unlikely,Very unlikely,Likely,Never,Never,Never,Never
Male,,Strongly disagree,,6~10 years,Rarely,The most primary motivation,The most primary motivation,Not my motivation,The most primary motivation,Not my motivation,"One of my motivations, but not important",The most primary motivation,,"Yes (please specify your target points, e.g., 10k reputation points)",1.5k,No,,"Yes (please specify your target ranking, e.g., top10 contributor)",Top 10 Contributor ,Unlikely,Very unlikely,Unlikely,Unlikely,Sometimes,Never,Rarely,Usually
Male,,Neither agree nor disagree,,>10 years,Sometimes,The most primary motivation,The most primary motivation,Not my motivation,Not my motivation,Not my motivation,Not my motivation,Not my motivation,,No,,No,,No,,Very unlikely,Very unlikely,Very unlikely,Very unlikely,Never,Never,Never,Never
Male,,Unemployed,,1~5 years,Usually,The most primary motivation,The most primary motivation,A secondary motivation,Not my motivation,Not my motivation,Not my motivation,"One of my motivations, but not important",,No,,No,,No,,Likely,Very unlikely,Very unlikely,Likely,Usually,Usually,Never,Sometimes
Male,,Strongly agree,,1~5 years,Always,The most primary motivation,The most primary motivation,A secondary motivation,Not my motivation,Not my motivation,Not my motivation,Not my motivation,,No,,No,,No,,Very unlikely,Very unlikely,Very unlikely,Very unlikely,Never,Never,Never,Never
Male,,Agree,,>10 years,Rarely,The most primary motivation,A secondary motivation,Not my motivation,"One of my motivations, but not important",Not my motivation,Not my motivation,Not my motivation,,No,,No,,No,,Very unlikely,Very unlikely,Very unlikely,Very unlikely,Rarely,Never,Never,Rarely
Male,,Agree,,6~10 years,Sometimes,A secondary motivation,The most primary motivation,A secondary motivation,A secondary motivation,"One of my motivations, but not important","One of my motivations, but not important",A secondary motivation,,"Yes (please specify your target points, e.g., 10k reputation points)",25000,No,,No,,Neither likely nor unlikely,Very unlikely,Very unlikely,Neither likely nor unlikely,Sometimes,Rarely,Rarely,Rarely
Male,,Disagree,,1~5 years,Rarely,A secondary motivation,A secondary motivation,Not my motivation,A secondary motivation,Not my motivation,A secondary motivation,"One of my motivations, but not important","Making life better for everyone, by making it easier to developers",No,,No,,"Yes (please specify your target ranking, e.g., top10 contributor)","Among the top 1,000",Very unlikely,Very unlikely,Very unlikely,Very unlikely,Sometimes,Never,Rarely,Never
Male,,Unemployed,,1~5 years,Rarely,The most primary motivation,The most primary motivation,A secondary motivation,A secondary motivation,Not my motivation,Not my motivation,A secondary motivation,,No,,No,,No,,Very unlikely,Very unlikely,Very unlikely,Very unlikely,Rarely,Rarely,Rarely,Rarely
Male,,Disagree,,6~10 years,Sometimes,A secondary motivation,The most primary motivation,Not my motivation,Not my motivation,Not my motivation,Not my motivation,Not my motivation,,No,,No,,No,,Very unlikely,Very unlikely,Very unlikely,Very unlikely,Always,Always,Always,Always
Male,,Agree,,6~10 years,Sometimes,The most primary motivation,A secondary motivation,A secondary motivation,"One of my motivations, but not important","One of my motivations, but not important","One of my motivations, but not important","One of my motivations, but not important",,No,,No,,No,,Neither likely nor unlikely,Neither likely nor unlikely,Neither likely nor unlikely,Neither likely nor unlikely,Sometimes,Rarely,Rarely,Rarely
Male,,Neither agree nor disagree,,>10 years,Never,"One of my motivations, but not important",Not my motivation,Not my motivation,"One of my motivations, but not important",Not my motivation,Not my motivation,Not my motivation,,No,,No,,No,,Very unlikely,Very unlikely,Very unlikely,Very unlikely,Never,Never,Never,Never
Male,,Strongly agree,,1~5 years,Usually,A secondary motivation,The most primary motivation,"One of my motivations, but not important",Not my motivation,Not my motivation,Not my motivation,"One of my motivations, but not important",,"Yes (please specify your target points, e.g., 10k reputation points)",3000,No,,No,,Very unlikely,Very unlikely,Very unlikely,Very unlikely,Sometimes,Rarely,Rarely,Rarely
Male,,Neither agree nor disagree,,>10 years,Sometimes,A secondary motivation,The most primary motivation,Not my motivation,"One of my motivations, but not important","One of my motivations, but not important",Not my motivation,A secondary motivation,,No,,No,,No,,Neither likely nor unlikely,Neither likely nor unlikely,Neither likely nor unlikely,Neither likely nor unlikely,Rarely,Rarely,Never,Rarely
Male,,,systems and applications maintainer,>10 years,Sometimes,The most primary motivation,The most primary motivation,"One of my motivations, but not important",Not my motivation,Not my motivation,Not my motivation,"One of my motivations, but not important",returning the favour of getting help,No,,No,,No,,Very unlikely,Very unlikely,Very unlikely,Very unlikely,Never,Never,Never,Never
Male,,Agree,,6~10 years,Sometimes,A secondary motivation,The most primary motivation,Not my motivation,"One of my motivations, but not important",Not my motivation,Not my motivation,Not my motivation,,No,,No,,No,,Very unlikely,Very unlikely,Very unlikely,Very unlikely,Rarely,Rarely,Rarely,Never
Male,,Unemployed,,>10 years,Never,A secondary motivation,Not my motivation,Not my motivation,Not my motivation,Not my motivation,Not my motivation,Not my motivation,I dont care about one reads my answers. They cannot work anyway. Doing that to find my own decision in future. And for the joy when people thank me. Nothing else.,No,,No,,No,,Very unlikely,Very unlikely,Very unlikely,Very unlikely,Never,Sometimes,Rarely,Never
Male,,Strongly disagree,,1~5 years,Sometimes,The most primary motivation,Not my motivation,"One of my motivations, but not important",The most primary motivation,A secondary motivation,Not my motivation,A secondary motivation,,"Yes (please specify your target points, e.g., 10k reputation points)",10000,No,,No,,Neither likely nor unlikely,Neither likely nor unlikely,Neither likely nor unlikely,Neither likely nor unlikely,Rarely,Rarely,Rarely,Rarely
Male,,Agree,,1~5 years,Sometimes,The most primary motivation,"One of my motivations, but not important",Not my motivation,"One of my motivations, but not important","One of my motivations, but not important","One of my motivations, but not important",A secondary motivation,,No,,No,,No,,Very unlikely,Very unlikely,Very unlikely,Very unlikely,Rarely,Never,Never,Never
Male,,Agree,,6~10 years,Rarely,"One of my motivations, but not important",The most primary motivation,A secondary motivation,A secondary motivation,,A secondary motivation,A secondary motivation,,No,,No,,No,,Very unlikely,Very unlikely,Very unlikely,Very unlikely,Never,Never,Never,Never
Male,,Agree,,6~10 years,Sometimes,The most primary motivation,A secondary motivation,The most primary motivation,The most primary motivation,"One of my motivations, but not important",Not my motivation,"One of my motivations, but not important",,"Yes (please specify your target points, e.g., 10k reputation points)",10k because not every user reaches that amount of points,No,,No,,Neither likely nor unlikely,Neither likely nor unlikely,Neither likely nor unlikely,Neither likely nor unlikely,Always,Sometimes,Sometimes,Sometimes
Male,,Strongly disagree,,>10 years,Rarely,A secondary motivation,The most primary motivation,Not my motivation,Not my motivation,Not my motivation,Not my motivation,Not my motivation,,No,,No,,No,,Very unlikely,Very unlikely,Very unlikely,Very unlikely,Never,Never,Never,Never
Male,,Agree,,>10 years,Sometimes,The most primary motivation,A secondary motivation,"One of my motivations, but not important","One of my motivations, but not important","One of my motivations, but not important",Not my motivation,Not my motivation,,No,,No,,No,,Neither likely nor unlikely,Neither likely nor unlikely,Neither likely nor unlikely,Neither likely nor unlikely,Sometimes,Rarely,Never,Never
Male,,Neither agree nor disagree,,>10 years,Usually,"One of my motivations, but not important",A secondary motivation,"One of my motivations, but not important","One of my motivations, but not important",Not my motivation,Not my motivation,"One of my motivations, but not important",,No,,No,,No,,Neither likely nor unlikely,Neither likely nor unlikely,Neither likely nor unlikely,Neither likely nor unlikely,Rarely,Rarely,Never,Never
Male,,Agree,,>10 years,Usually,A secondary motivation,A secondary motivation,Not my motivation,Not my motivation,Not my motivation,"One of my motivations, but not important",Not my motivation,,No,,No,,No,,Neither likely nor unlikely,Neither likely nor unlikely,Neither likely nor unlikely,Neither likely nor unlikely,Usually,Usually,Usually,Usually
Male,,Agree,,>10 years,Rarely,The most primary motivation,A secondary motivation,Not my motivation,"One of my motivations, but not important","One of my motivations, but not important",Not my motivation,A secondary motivation,,No,,No,,No,,Very unlikely,Very unlikely,Very unlikely,Very unlikely,Usually,Usually,Never,Rarely
Male,,,software developer,>10 years,Sometimes,The most primary motivation,"One of my motivations, but not important",Not my motivation,A secondary motivation,A secondary motivation,Not my motivation,Not my motivation,,No,,No,,No,,Unlikely,Unlikely,Unlikely,Unlikely,Rarely,Rarely,Never,Rarely
Male,,Strongly disagree,,1~5 years,Usually,Not my motivation,Not my motivation,The most primary motivation,A secondary motivation,"One of my motivations, but not important",Not my motivation,"One of my motivations, but not important",,No,,No,,No,,Very unlikely,Very unlikely,Very unlikely,Very unlikely,Rarely,Rarely,Never,Rarely
Male,,Agree,,>10 years,Rarely,The most primary motivation,The most primary motivation,"One of my motivations, but not important",The most primary motivation,The most primary motivation,Not my motivation,The most primary motivation,,"Yes (please specify your target points, e.g., 10k reputation points)",1000+,"Yes (please specify the most desired badge you want to earn, e.g., explainer)",At least one rare or one gold,No,,Neither likely nor unlikely,Neither likely nor unlikely,Neither likely nor unlikely,Very unlikely,Sometimes,Sometimes,Sometimes,Sometimes
Male,,Agree,,6~10 years,Rarely,The most primary motivation,A secondary motivation,"One of my motivations, but not important",Not my motivation,Not my motivation,Not my motivation,Not my motivation,,No,,No,,No,,Neither likely nor unlikely,Neither likely nor unlikely,Neither likely nor unlikely,Neither likely nor unlikely,Never,Never,Never,Never
Male,,Agree,,>10 years,Always,The most primary motivation,A secondary motivation,"One of my motivations, but not important",Not my motivation,Not my motivation,Not my motivation,"One of my motivations, but not important",,No,,No,,No,,Unlikely,Unlikely,Unlikely,Unlikely,Rarely,Rarely,Never,Never
Male,,Neither agree nor disagree,,>10 years,Rarely,The most primary motivation,A secondary motivation,Not my motivation,"One of my motivations, but not important",Not my motivation,Not my motivation,Not my motivation,,No,,No,,No,,Neither likely nor unlikely,Neither likely nor unlikely,Neither likely nor unlikely,Neither likely nor unlikely,Rarely,Rarely,Rarely,Rarely
Male,,Unemployed,,1~5 years,Rarely,The most primary motivation,A secondary motivation,A secondary motivation,"One of my motivations, but not important","One of my motivations, but not important","One of my motivations, but not important",A secondary motivation,,No,,No,,No,,Unlikely,Unlikely,Likely,Likely,Never,Never,Never,Never
Male,,Agree,,>10 years,Never,A secondary motivation,The most primary motivation,,A secondary motivation,A secondary motivation,"One of my motivations, but not important",A secondary motivation,,"Yes (please specify your target points, e.g., 10k reputation points)",10000,"Yes (please specify the most desired badge you want to earn, e.g., explainer)",Anything to do with awesome answers (most of my rep is via questions),"Yes (please specify your target ranking, e.g., top10 contributor)",top 5% overall,Very unlikely,Very unlikely,Very unlikely,Very unlikely,Usually,Usually,Usually,Rarely
Male,,Unemployed,,<1 year,Sometimes,A secondary motivation,The most primary motivation,"One of my motivations, but not important",A secondary motivation,Not my motivation,"One of my motivations, but not important","One of my motivations, but not important",,No,,No,,No,,Unlikely,Unlikely,Unlikely,Unlikely,Rarely,Rarely,Rarely,Sometimes
Male,,Agree,,>10 years,Sometimes,The most primary motivation,The most primary motivation,"One of my motivations, but not important",Not my motivation,Not my motivation,Not my motivation,"One of my motivations, but not important",,No,,No,,No,,Unlikely,Unlikely,Unlikely,Unlikely,Rarely,Rarely,Rarely,Rarely
Male,,Neither agree nor disagree,,>10 years,Never,A secondary motivation,The most primary motivation,Not my motivation,"One of my motivations, but not important",Not my motivation,Not my motivation,Not my motivation,,No,,No,,No,,Very unlikely,Very unlikely,Very unlikely,Very unlikely,Sometimes,Rarely,Never,Never
Male,,Agree,,1~5 years,Sometimes,The most primary motivation,The most primary motivation,A secondary motivation,A secondary motivation,A secondary motivation,"One of my motivations, but not important","One of my motivations, but not important",,No,,"Yes (please specify the most desired badge you want to earn, e.g., explainer)",gold badge in my primary tech,"Yes (please specify your target ranking, e.g., top10 contributor)",top 5%,Very unlikely,Very unlikely,Very unlikely,Very unlikely,Rarely,Rarely,Rarely,Rarely
Male,,Strongly agree,,6~10 years,Sometimes,A secondary motivation,The most primary motivation,Not my motivation,Not my motivation,Not my motivation,Not my motivation,Not my motivation,,No,,No,,No,,Neither likely nor unlikely,Neither likely nor unlikely,Neither likely nor unlikely,Neither likely nor unlikely,Rarely,Rarely,Rarely,Rarely
Male,,Disagree,,6~10 years,Sometimes,A secondary motivation,The most primary motivation,Not my motivation,"One of my motivations, but not important","One of my motivations, but not important","One of my motivations, but not important",A secondary motivation,,No,,No,,No,,Very unlikely,Very unlikely,Very unlikely,Very unlikely,Rarely,Rarely,Rarely,Rarely
Male,,Strongly agree,,6~10 years,Usually,The most primary motivation,The most primary motivation,"One of my motivations, but not important","One of my motivations, but not important","One of my motivations, but not important","One of my motivations, but not important","One of my motivations, but not important",,No,,No,,No,,Very unlikely,Very unlikely,Very unlikely,Very unlikely,Rarely,Never,Never,Never
Male,,Agree,,>10 years,Rarely,A secondary motivation,A secondary motivation,Not my motivation,"One of my motivations, but not important",Not my motivation,Not my motivation,Not my motivation,,No,,No,,No,,Very unlikely,Very unlikely,Very unlikely,Very unlikely,Never,Never,Never,Never
Male,,Agree,,6~10 years,Sometimes,The most primary motivation,The most primary motivation,The most primary motivation,The most primary motivation,The most primary motivation,The most primary motivation,The most primary motivation,,"Yes (please specify your target points, e.g., 10k reputation points)",10k,"Yes (please specify the most desired badge you want to earn, e.g., explainer)",All badges ,"Yes (please specify your target ranking, e.g., top10 contributor)",10,Unlikely,Unlikely,Unlikely,Unlikely,Always,Usually,Usually,Usually
Male,,Agree,,6~10 years,Always,A secondary motivation,The most primary motivation,Not my motivation,"One of my motivations, but not important","One of my motivations, but not important",Not my motivation,Not my motivation,,"Yes (please specify your target points, e.g., 10k reputation points)",100k,"Yes (please specify the most desired badge you want to earn, e.g., explainer)",Generalist,No,,Very unlikely,Very unlikely,Very unlikely,Very unlikely,Rarely,Rarely,Never,Sometimes
Male,,Agree,,>10 years,Sometimes,The most primary motivation,The most primary motivation,Not my motivation,"One of my motivations, but not important",Not my motivation,Not my motivation,"One of my motivations, but not important",,No,,No,,No,,Very unlikely,Very unlikely,Very unlikely,Very unlikely,Sometimes,Rarely,Rarely,Rarely
Male,,Agree,,6~10 years,Sometimes,"One of my motivations, but not important",A secondary motivation,"One of my motivations, but not important",Not my motivation,Not my motivation,Not my motivation,Not my motivation,,No,,No,,No,,Very unlikely,Very unlikely,Very unlikely,Very unlikely,Rarely,Rarely,Never,Rarely
Male,,Agree,,>10 years,Sometimes,The most primary motivation,A secondary motivation,Not my motivation,"One of my motivations, but not important","One of my motivations, but not important",Not my motivation,Not my motivation,,No,,No,,No,,Very unlikely,Very unlikely,Very unlikely,Very unlikely,Rarely,Rarely,Rarely,Rarely
Male,,Agree,,>10 years,Sometimes,The most primary motivation,A secondary motivation,"One of my motivations, but not important",A secondary motivation,"One of my motivations, but not important","One of my motivations, but not important",A secondary motivation,Bragging rights.,No,,No,,No,,Unlikely,Unlikely,Unlikely,Likely,Sometimes,Rarely,Rarely,Rarely
Male,,Agree,,>10 years,Rarely,A secondary motivation,A secondary motivation,Not my motivation,Not my motivation,Not my motivation,Not my motivation,Not my motivation,,No,,No,,No,,Unlikely,Unlikely,Unlikely,Unlikely,Rarely,Never,Never,Never
Male,,Neither agree nor disagree,,>10 years,Sometimes,"One of my motivations, but not important",Not my motivation,Not my motivation,Not my motivation,Not my motivation,Not my motivation,"One of my motivations, but not important",Getting help when I'm stuck,No,,No,,No,,Unlikely,Unlikely,Unlikely,Unlikely,Rarely,Rarely,Rarely,Rarely
Male,,Agree,,>10 years,Rarely,The most primary motivation,Not my motivation,Not my motivation,Not my motivation,Not my motivation,Not my motivation,Not my motivation,,No,,No,,No,,Very unlikely,Very unlikely,Very unlikely,Very unlikely,Never,Never,Never,Never
Male,,Neither agree nor disagree,,>10 years,Sometimes,A secondary motivation,"One of my motivations, but not important",A secondary motivation,The most primary motivation,A secondary motivation,Not my motivation,Not my motivation,,No,,No,,No,,Unlikely,Unlikely,Unlikely,Unlikely,Rarely,Rarely,Rarely,Rarely
Male,,Agree,,>10 years,Usually,A secondary motivation,The most primary motivation,A secondary motivation,"One of my motivations, but not important","One of my motivations, but not important","One of my motivations, but not important",A secondary motivation,,No,,"Yes (please specify the most desired badge you want to earn, e.g., explainer)",C#,"Yes (please specify your target ranking, e.g., top10 contributor)",top 0.01%,Very unlikely,Very unlikely,Very unlikely,Very unlikely,Rarely,Sometimes,Rarely,Sometimes
Male,,Agree,,>10 years,Sometimes,The most primary motivation,,Not my motivation,"One of my motivations, but not important",Not my motivation,Not my motivation,Not my motivation,,No,,No,,"Yes (please specify your target ranking, e.g., top10 contributor)",Top 15 %,Very unlikely,Very unlikely,Very unlikely,Very unlikely,Sometimes,Rarely,Sometimes,Never
Male,,Agree,,6~10 years,Usually,A secondary motivation,The most primary motivation,Not my motivation,"One of my motivations, but not important","One of my motivations, but not important","One of my motivations, but not important","One of my motivations, but not important",,No,,No,,No,,Unlikely,Unlikely,Unlikely,Unlikely,Rarely,Rarely,Rarely,Rarely
Male,,Strongly disagree,,6~10 years,Usually,The most primary motivation,The most primary motivation,Not my motivation,A secondary motivation,A secondary motivation,Not my motivation,A secondary motivation,,No,,No,,No,,Very unlikely,Very unlikely,Very unlikely,Very unlikely,Rarely,Rarely,Never,Rarely
Male,,Agree,,>10 years,Rarely,The most primary motivation,The most primary motivation,"One of my motivations, but not important",A secondary motivation,A secondary motivation,Not my motivation,The most primary motivation,,No,,No,,No,,Very unlikely,Very unlikely,Very unlikely,Very unlikely,Never,Never,Never,Never
Male,,Disagree,,>10 years,Sometimes,The most primary motivation,A secondary motivation,Not my motivation,"One of my motivations, but not important","One of my motivations, but not important",Not my motivation,Not my motivation,,No,,No,,No,,Very unlikely,Very unlikely,Very unlikely,Very unlikely,Never,Never,Never,Never
Male,,Neither agree nor disagree,,1~5 years,Rarely,The most primary motivation,The most primary motivation,Not my motivation,A secondary motivation,A secondary motivation,"One of my motivations, but not important",Not my motivation,,No,,No,,No,,Very unlikely,Very unlikely,Very unlikely,Very unlikely,Usually,Usually,Usually,Usually
Male,,Agree,,>10 years,Rarely,"One of my motivations, but not important",The most primary motivation,Not my motivation,A secondary motivation,A secondary motivation,Not my motivation,A secondary motivation,,No,,No,,No,,Very unlikely,Very unlikely,Very unlikely,Unlikely,Rarely,Never,Never,Rarely
Male,,Agree,,>10 years,Sometimes,The most primary motivation,A secondary motivation,"One of my motivations, but not important","One of my motivations, but not important","One of my motivations, but not important","One of my motivations, but not important",A secondary motivation,,No,,No,,No,,Unlikely,Unlikely,Unlikely,Neither likely nor unlikely,Rarely,Rarely,Never,Never
Male,,Agree,,6~10 years,Usually,A secondary motivation,A secondary motivation,"One of my motivations, but not important","One of my motivations, but not important","One of my motivations, but not important",Not my motivation,Not my motivation,,No,,No,,No,,Neither likely nor unlikely,Neither likely nor unlikely,Neither likely nor unlikely,Neither likely nor unlikely,Never,Never,Never,Rarely
Male,,Agree,,>10 years,Sometimes,A secondary motivation,The most primary motivation,A secondary motivation,"One of my motivations, but not important","One of my motivations, but not important",Not my motivation,"One of my motivations, but not important",,No,,No,,No,,Neither likely nor unlikely,Neither likely nor unlikely,Neither likely nor unlikely,Neither likely nor unlikely,Rarely,Rarely,Rarely,Sometimes
Male,,Agree,,>10 years,Rarely,The most primary motivation,A secondary motivation,A secondary motivation,"One of my motivations, but not important","One of my motivations, but not important","One of my motivations, but not important",Not my motivation,,No,,No,,No,,Very unlikely,Very unlikely,Very unlikely,Very unlikely,Never,Never,Never,Never
Male,,Agree,,>10 years,Usually,The most primary motivation,A secondary motivation,"One of my motivations, but not important",Not my motivation,Not my motivation,Not my motivation,Not my motivation,,No,,No,,No,,,,,,Never,Never,Never,Never
Male,,Strongly disagree,,1~5 years,Sometimes,A secondary motivation,The most primary motivation,"One of my motivations, but not important",Not my motivation,Not my motivation,Not my motivation,Not my motivation,,No,,No,,No,,Very unlikely,Very unlikely,Very unlikely,Very unlikely,Never,Never,Never,Never
Male,,Agree,,>10 years,Rarely,The most primary motivation,The most primary motivation,A secondary motivation,"One of my motivations, but not important",Not my motivation,Not my motivation,Not my motivation,,No,,No,,No,,Very unlikely,Very unlikely,Very unlikely,Very unlikely,Never,Never,Never,Never
Male,,Unemployed,,>10 years,Sometimes,Not my motivation,Not my motivation,Not my motivation,Not my motivation,Not my motivation,Not my motivation,Not my motivation,,No,,No,,No,,Very unlikely,Very unlikely,Very unlikely,Very unlikely,Never,Never,Never,Never
Male,,Agree,,>10 years,Sometimes,A secondary motivation,"One of my motivations, but not important",A secondary motivation,The most primary motivation,"One of my motivations, but not important","One of my motivations, but not important",A secondary motivation,,No,,No,,No,,Very unlikely,Very unlikely,Very unlikely,Very unlikely,Sometimes,Never,Never,Rarely
Male,,,ISV,>10 years,Never,"One of my motivations, but not important",A secondary motivation,Not my motivation,"One of my motivations, but not important","One of my motivations, but not important","One of my motivations, but not important","One of my motivations, but not important",Primary: Asking questions to get answers to my own programming problems,No,,No,,No,,Neither likely nor unlikely,Neither likely nor unlikely,Neither likely nor unlikely,Neither likely nor unlikely,Sometimes,Rarely,Rarely,Rarely
Male,,Agree,,>10 years,Sometimes,A secondary motivation,The most primary motivation,"One of my motivations, but not important","One of my motivations, but not important","One of my motivations, but not important","One of my motivations, but not important",Not my motivation,,No,,No,,No,,Very unlikely,Very unlikely,Very unlikely,Very unlikely,Rarely,Rarely,Rarely,Rarely
Male,,Agree,,>10 years,Rarely,The most primary motivation,The most primary motivation,A secondary motivation,Not my motivation,Not my motivation,Not my motivation,"One of my motivations, but not important",,No,,No,,No,,Very unlikely,Very unlikely,Very unlikely,Very unlikely,Never,Never,Never,Never
Male,,Agree,,>10 years,Sometimes,The most primary motivation,"One of my motivations, but not important",Not my motivation,Not my motivation,Not my motivation,Not my motivation,Not my motivation,,No,,No,,No,,Unlikely,Unlikely,Unlikely,Unlikely,Never,Never,Never,Never
Male,,Agree,,>10 years,Sometimes,A secondary motivation,The most primary motivation,Not my motivation,"One of my motivations, but not important","One of my motivations, but not important",Not my motivation,"One of my motivations, but not important",,No,,No,,No,,Neither likely nor unlikely,Neither likely nor unlikely,Neither likely nor unlikely,Neither likely nor unlikely,Never,Never,Never,Usually
Male,,Neither agree nor disagree,,>10 years,Usually,"One of my motivations, but not important",The most primary motivation,The most primary motivation,"One of my motivations, but not important",Not my motivation,Not my motivation,The most primary motivation,,No,,No,,No,,Very unlikely,Very unlikely,Very unlikely,Very unlikely,Never,Never,Never,Never
Male,,Agree,,>10 years,Sometimes,The most primary motivation,A secondary motivation,"One of my motivations, but not important",A secondary motivation,A secondary motivation,Not my motivation,A secondary motivation,,No,,No,,"Yes (please specify your target ranking, e.g., top10 contributor)",Stay in top 2% overall,Very unlikely,Very unlikely,Very unlikely,Very unlikely,Sometimes,Sometimes,Sometimes,Rarely
Male,,Agree,,>10 years,Sometimes,The most primary motivation,A secondary motivation,Not my motivation,"One of my motivations, but not important",Not my motivation,Not my motivation,Not my motivation,,No,,No,,No,,Very unlikely,Very unlikely,Very unlikely,Very unlikely,Rarely,Rarely,Rarely,Never
Male,,Agree,,>10 years,Rarely,The most primary motivation,The most primary motivation,A secondary motivation,The most primary motivation,Not my motivation,Not my motivation,Not my motivation,,No,,No,,No,,Neither likely nor unlikely,Neither likely nor unlikely,Neither likely nor unlikely,Neither likely nor unlikely,Never,Never,Never,Never
Male,,Agree,,>10 years,Rarely,The most primary motivation,A secondary motivation,Not my motivation,"One of my motivations, but not important","One of my motivations, but not important",Not my motivation,Not my motivation,,No,,No,,No,,Very unlikely,Very unlikely,Very unlikely,Very unlikely,Sometimes,Rarely,Never,Never
Male,,Agree,,>10 years,Sometimes,The most primary motivation,"One of my motivations, but not important",Not my motivation,"One of my motivations, but not important","One of my motivations, but not important",Not my motivation,"One of my motivations, but not important",,No,,No,,No,,Very unlikely,Very unlikely,Very unlikely,Very unlikely,Rarely,Rarely,Never,Never
Male,,Neither agree nor disagree,,>10 years,Usually,The most primary motivation,The most primary motivation,Not my motivation,"One of my motivations, but not important","One of my motivations, but not important",Not my motivation,"One of my motivations, but not important",,No,,No,,No,,Very unlikely,Very unlikely,Very unlikely,Very unlikely,Usually,Rarely,Rarely,Never
Male,,Unemployed,,>10 years,Usually,A secondary motivation,A secondary motivation,Not my motivation,A secondary motivation,Not my motivation,"One of my motivations, but not important","One of my motivations, but not important",,No,,No,,No,,Neither likely nor unlikely,Neither likely nor unlikely,Neither likely nor unlikely,Neither likely nor unlikely,Never,Never,Never,Never
Male,,Agree,,6~10 years,Usually,A secondary motivation,The most primary motivation,The most primary motivation,A secondary motivation,A secondary motivation,Not my motivation,Not my motivation,,No,,No,,No,,,,,,Never,Never,Never,Never
Male,,,developer (not open source),>10 years,Rarely,"One of my motivations, but not important",The most primary motivation,Not my motivation,Not my motivation,Not my motivation,Not my motivation,Not my motivation,,No,,No,,No,,Neither likely nor unlikely,Neither likely nor unlikely,Neither likely nor unlikely,Neither likely nor unlikely,Rarely,Never,Never,Never
Male,,Agree,,1~5 years,Rarely,The most primary motivation,The most primary motivation,Not my motivation,A secondary motivation,A secondary motivation,Not my motivation,A secondary motivation,,No,,No,,No,,Unlikely,Unlikely,Unlikely,Neither likely nor unlikely,Rarely,Rarely,Never,Never
Male,,Agree,,>10 years,Rarely,A secondary motivation,The most primary motivation,"One of my motivations, but not important","One of my motivations, but not important","One of my motivations, but not important",Not my motivation,Not my motivation,,No,,No,,No,,Very unlikely,Very unlikely,Very unlikely,Very unlikely,Rarely,Never,Rarely,Never
Male,,Agree,,>10 years,Rarely,A secondary motivation,The most primary motivation,Not my motivation,"One of my motivations, but not important","One of my motivations, but not important",Not my motivation,Not my motivation,,No,,No,,No,,Unlikely,Unlikely,Unlikely,Unlikely,Rarely,Never,Never,Never
Male,,Agree,,>10 years,Rarely,"One of my motivations, but not important",The most primary motivation,"One of my motivations, but not important","One of my motivations, but not important","One of my motivations, but not important","One of my motivations, but not important","One of my motivations, but not important",,No,,No,,No,,Unlikely,Unlikely,Unlikely,Unlikely,Usually,Usually,Usually,Sometimes
Male,,Agree,,>10 years,Sometimes,A secondary motivation,The most primary motivation,Not my motivation,"One of my motivations, but not important","One of my motivations, but not important","One of my motivations, but not important",A secondary motivation,,No,,No,,No,,Unlikely,Unlikely,Unlikely,Unlikely,Sometimes,Sometimes,Sometimes,Sometimes
Male,,Neither agree nor disagree,,>10 years,Rarely,"One of my motivations, but not important","One of my motivations, but not important","One of my motivations, but not important","One of my motivations, but not important","One of my motivations, but not important","One of my motivations, but not important","One of my motivations, but not important",,"Yes (please specify your target points, e.g., 10k reputation points)",100k,No,,No,,Unlikely,Unlikely,Unlikely,Unlikely,Sometimes,Sometimes,Sometimes,Sometimes
Male,,Neither agree nor disagree,,>10 years,Usually,The most primary motivation,A secondary motivation,Not my motivation,Not my motivation,Not my motivation,Not my motivation,Not my motivation,Helping other allows me to pay back the community that has become invaluable to my work.,No,,No,,No,,Very unlikely,Very unlikely,Very unlikely,Neither likely nor unlikely,Rarely,Never,Never,Never
Male,,Agree,,>10 years,Sometimes,"One of my motivations, but not important",Not my motivation,Not my motivation,Not my motivation,Not my motivation,Not my motivation,Not my motivation,,No,,No,,No,,Very unlikely,Very unlikely,Very unlikely,Very unlikely,Never,Never,Never,Never
Male,,Agree,,>10 years,Rarely,The most primary motivation,The most primary motivation,"One of my motivations, but not important",A secondary motivation,A secondary motivation,"One of my motivations, but not important",A secondary motivation,,No,,No,,No,,Very unlikely,Very unlikely,Very unlikely,Very unlikely,Rarely,Rarely,Rarely,Rarely
Male,,Agree,,>10 years,Usually,The most primary motivation,A secondary motivation,A secondary motivation,A secondary motivation,A secondary motivation,A secondary motivation,The most primary motivation,,"Yes (please specify your target points, e.g., 10k reputation points)","25,000 (achieved)","Yes (please specify the most desired badge you want to earn, e.g., explainer)",Identity tag badges,No,,Very unlikely,Very unlikely,Very unlikely,Very unlikely,Rarely,Rarely,Rarely,Rarely
Male,,Neither agree nor disagree,,>10 years,Rarely,The most primary motivation,The most primary motivation,A secondary motivation,A secondary motivation,"One of my motivations, but not important","One of my motivations, but not important",A secondary motivation,,No,,No,,No,,Unlikely,Unlikely,Unlikely,Unlikely,Rarely,Rarely,Rarely,Sometimes
Male,,Agree,,>10 years,Sometimes,The most primary motivation,Not my motivation,Not my motivation,A secondary motivation,Not my motivation,Not my motivation,"One of my motivations, but not important",,No,,No,,No,,Very unlikely,Very unlikely,Very unlikely,Very unlikely,Rarely,Rarely,Never,Never
Male,,,Entreprenuer,>10 years,Sometimes,The most primary motivation,The most primary motivation,Not my motivation,"One of my motivations, but not important",Not my motivation,Not my motivation,Not my motivation,,No,,No,,No,,Very unlikely,Very unlikely,Very unlikely,Very unlikely,Rarely,Never,Rarely,Rarely
Male,,Agree,,>10 years,Always,The most primary motivation,The most primary motivation,"One of my motivations, but not important","One of my motivations, but not important",Not my motivation,Not my motivation,Not my motivation,,No,,No,,No,,Very unlikely,Very unlikely,Very unlikely,Very unlikely,Sometimes,Rarely,Rarely,Never
Male,,Agree,,>10 years,Always,The most primary motivation,Not my motivation,Not my motivation,A secondary motivation,Not my motivation,Not my motivation,Not my motivation,Supporting my open source project using SO as community support,No,,No,,No,,Very unlikely,Very unlikely,Very unlikely,Very unlikely,Rarely,Never,Never,Never
Male,,Agree,,6~10 years,Usually,The most primary motivation,A secondary motivation,A secondary motivation,"One of my motivations, but not important",Not my motivation,A secondary motivation,"One of my motivations, but not important",,No,,No,,No,,Neither likely nor unlikely,Unlikely,Unlikely,Unlikely,Rarely,Never,Never,Never
Male,,Agree,,<1 year,Rarely,The most primary motivation,The most primary motivation,,"One of my motivations, but not important",Not my motivation,Not my motivation,Not my motivation,,No,,No,,No,,Very unlikely,Very unlikely,Very unlikely,Very unlikely,Never,Never,Never,Never
Male,,Agree,,>10 years,Usually,The most primary motivation,"One of my motivations, but not important",Not my motivation,A secondary motivation,"One of my motivations, but not important",Not my motivation,A secondary motivation,,No,,No,,No,,Unlikely,Very unlikely,Very unlikely,Unlikely,Sometimes,Never,Never,Never
Male,,Agree,,>10 years,Always,The most primary motivation,A secondary motivation,"One of my motivations, but not important","One of my motivations, but not important","One of my motivations, but not important",Not my motivation,"One of my motivations, but not important",Helping me remember how to solve my own programming problems,No,,"Yes (please specify the most desired badge you want to earn, e.g., explainer)",Socratic,No,,Unlikely,Unlikely,Unlikely,Unlikely,Sometimes,Sometimes,Rarely,Rarely
Male,,Agree,,>10 years,Sometimes,The most primary motivation,A secondary motivation,"One of my motivations, but not important",Not my motivation,Not my motivation,Not my motivation,Not my motivation,,No,,No,,No,,Very unlikely,Very unlikely,Very unlikely,Very unlikely,Rarely,Rarely,Never,Never
Male,,Agree,,6~10 years,Always,The most primary motivation,The most primary motivation,A secondary motivation,A secondary motivation,A secondary motivation,The most primary motivation,The most primary motivation,,"Yes (please specify your target points, e.g., 10k reputation points)",1K,No,,No,,Very unlikely,Very unlikely,Very unlikely,Very unlikely,Rarely,Rarely,Rarely,Rarely
Male,,Agree,,1~5 years,Sometimes,A secondary motivation,The most primary motivation,A secondary motivation,"One of my motivations, but not important",Not my motivation,"One of my motivations, but not important",Not my motivation,,No,,No,,No,,Unlikely,Unlikely,Unlikely,Unlikely,Rarely,Rarely,Rarely,Never
Male,,Neither agree nor disagree,,6~10 years,Sometimes,A secondary motivation,A secondary motivation,Not my motivation,"One of my motivations, but not important","One of my motivations, but not important","One of my motivations, but not important","One of my motivations, but not important",,No,,No,,No,,Very unlikely,Very unlikely,Very unlikely,Very unlikely,Never,Never,Never,Never
Male,,Agree,,1~5 years,Rarely,The most primary motivation,A secondary motivation,Not my motivation,"One of my motivations, but not important",Not my motivation,Not my motivation,Not my motivation,,No,,No,,No,,Very unlikely,Very unlikely,Very unlikely,Very unlikely,Never,Never,Never,Never
Male,,Agree,,>10 years,Rarely,The most primary motivation,"One of my motivations, but not important",Not my motivation,Not my motivation,Not my motivation,Not my motivation,"One of my motivations, but not important",,No,,No,,No,,Very unlikely,Very unlikely,Very unlikely,Very unlikely,Never,Never,Never,Never
Male,,Agree,,>10 years,Sometimes,The most primary motivation,A secondary motivation,"One of my motivations, but not important",A secondary motivation,A secondary motivation,"One of my motivations, but not important",Not my motivation,,No,,No,,No,,Unlikely,Unlikely,Unlikely,Unlikely,Always,Usually,Usually,Usually
Male,,Agree,,>10 years,Never,A secondary motivation,The most primary motivation,"One of my motivations, but not important","One of my motivations, but not important","One of my motivations, but not important","One of my motivations, but not important","One of my motivations, but not important",,No,,No,,No,,Very unlikely,Very unlikely,Very unlikely,Very unlikely,Rarely,Rarely,Rarely,Rarely
Male,,Agree,,>10 years,Usually,A secondary motivation,The most primary motivation,Not my motivation,"One of my motivations, but not important",Not my motivation,Not my motivation,Not my motivation,,No,,No,,No,,Unlikely,Very unlikely,Unlikely,Unlikely,Rarely,Never,Never,Never
Male,,Agree,,>10 years,Sometimes,A secondary motivation,The most primary motivation,"One of my motivations, but not important",Not my motivation,Not my motivation,Not my motivation,Not my motivation,,No,,No,,No,,Neither likely nor unlikely,Neither likely nor unlikely,Neither likely nor unlikely,Neither likely nor unlikely,Never,Never,Never,Rarely
Male,,Agree,,6~10 years,Rarely,The most primary motivation,Not my motivation,The most primary motivation,The most primary motivation,The most primary motivation,The most primary motivation,Not my motivation,,No,,No,,No,,Neither likely nor unlikely,Neither likely nor unlikely,Neither likely nor unlikely,Neither likely nor unlikely,Sometimes,Sometimes,Sometimes,Sometimes
Male,,Agree,,>10 years,Sometimes,The most primary motivation,"One of my motivations, but not important",Not my motivation,A secondary motivation,A secondary motivation,Not my motivation,A secondary motivation,It feels really good to share the tricks that will save other developers lots of frustration ,"Yes (please specify your target points, e.g., 10k reputation points)",50k,"Yes (please specify the most desired badge you want to earn, e.g., explainer)","HTML - it seems silly but I¨¹ve been doing web dev for 20 years, thus I want to officially earn this badge",No,,Unlikely,Unlikely,Very unlikely,Unlikely,Usually,Rarely,Never,Never
Male,,Agree,,>10 years,Sometimes,The most primary motivation,"One of my motivations, but not important",Not my motivation,"One of my motivations, but not important",Not my motivation,Not my motivation,"One of my motivations, but not important",,No,,No,,No,,Unlikely,Very unlikely,Unlikely,Neither likely nor unlikely,Sometimes,Never,Rarely,Never
Male,,Agree,,>10 years,Rarely,"One of my motivations, but not important","One of my motivations, but not important",The most primary motivation,Not my motivation,Not my motivation,Not my motivation,Not my motivation,,No,,No,,No,,Unlikely,Unlikely,Unlikely,Unlikely,Rarely,Rarely,Rarely,Rarely
Male,,Agree,,>10 years,Sometimes,A secondary motivation,The most primary motivation,"One of my motivations, but not important",Not my motivation,Not my motivation,Not my motivation,"One of my motivations, but not important",,No,,No,,No,,Very unlikely,Very unlikely,Very unlikely,Very unlikely,Never,Never,Never,Never
Male,,Neither agree nor disagree,,>10 years,Never,The most primary motivation,Not my motivation,Not my motivation,Not my motivation,Not my motivation,Not my motivation,Not my motivation,,No,,No,,No,,Very unlikely,Very unlikely,Very unlikely,Very unlikely,Rarely,Rarely,Never,Never
Male,,Agree,,>10 years,Rarely,A secondary motivation,The most primary motivation,"One of my motivations, but not important",The most primary motivation,,Not my motivation,Not my motivation,,No,,No,,No,,Very unlikely,Very unlikely,Very unlikely,Very unlikely,Rarely,Rarely,Rarely,Rarely
Male,,Agree,,>10 years,Rarely,A secondary motivation,The most primary motivation,"One of my motivations, but not important","One of my motivations, but not important",Not my motivation,Not my motivation,"One of my motivations, but not important",,"Yes (please specify your target points, e.g., 10k reputation points)",10000 points,No,,No,,Unlikely,Very unlikely,Unlikely,Unlikely,Rarely,Never,Never,Rarely
Male,,Agree,,>10 years,Sometimes,The most primary motivation,A secondary motivation,Not my motivation,,,,"One of my motivations, but not important",,No,,No,,No,,Very unlikely,Very unlikely,Very unlikely,Very unlikely,Sometimes,Sometimes,Rarely,Never
Male,,Strongly agree,,6~10 years,Sometimes,"One of my motivations, but not important",A secondary motivation,"One of my motivations, but not important","One of my motivations, but not important","One of my motivations, but not important","One of my motivations, but not important","One of my motivations, but not important",,No,,No,,No,,Unlikely,Unlikely,Unlikely,Unlikely,Sometimes,Rarely,Rarely,Rarely
Male,,Agree,,>10 years,Rarely,The most primary motivation,The most primary motivation,Not my motivation,Not my motivation,Not my motivation,Not my motivation,"One of my motivations, but not important",,No,,No,,No,,Very unlikely,Very unlikely,Very unlikely,Very unlikely,Never,Never,Never,Never
Male,,Agree,,6~10 years,Rarely,The most primary motivation,"One of my motivations, but not important",Not my motivation,A secondary motivation,Not my motivation,Not my motivation,A secondary motivation,,No,,No,,No,,Unlikely,Unlikely,Unlikely,Unlikely,Rarely,Never,Never,Never
Male,,Agree,,>10 years,Rarely,The most primary motivation,A secondary motivation,Not my motivation,Not my motivation,Not my motivation,Not my motivation,A secondary motivation,,No,,No,,No,,Unlikely,Unlikely,Unlikely,Unlikely,Never,Never,Never,Never
Male,,Unemployed,,>10 years,Always,The most primary motivation,A secondary motivation,A secondary motivation,"One of my motivations, but not important",Not my motivation,Not my motivation,"One of my motivations, but not important",,No,,No,,No,,Very unlikely,Very unlikely,Very unlikely,Very unlikely,Rarely,Never,Never,Never
Male,,Agree,,>10 years,Rarely,The most primary motivation,A secondary motivation,,"One of my motivations, but not important",,"One of my motivations, but not important",Not my motivation,,No,,No,,No,,Very unlikely,Very unlikely,Very unlikely,Very unlikely,Never,Never,Never,Never
Male,,Agree,,6~10 years,Sometimes,A secondary motivation,The most primary motivation,Not my motivation,A secondary motivation,A secondary motivation,Not my motivation,"One of my motivations, but not important",,No,,No,,No,,Neither likely nor unlikely,Very unlikely,Very unlikely,Very unlikely,Rarely,Rarely,Rarely,Rarely
Male,,Agree,,6~10 years,Never,"One of my motivations, but not important",The most primary motivation,"One of my motivations, but not important","One of my motivations, but not important","One of my motivations, but not important","One of my motivations, but not important","One of my motivations, but not important",,No,,No,,No,,Neither likely nor unlikely,Neither likely nor unlikely,Neither likely nor unlikely,Neither likely nor unlikely,Never,Never,Never,Never
Male,,Agree,,>10 years,Sometimes,The most primary motivation,The most primary motivation,"One of my motivations, but not important",A secondary motivation,"One of my motivations, but not important",Not my motivation,Not my motivation,,No,,No,,No,,Very unlikely,Very unlikely,Very unlikely,Very unlikely,Rarely,Never,Never,Rarely
Male,,Strongly agree,,>10 years,Sometimes,A secondary motivation,A secondary motivation,"One of my motivations, but not important",A secondary motivation,"One of my motivations, but not important",Not my motivation,Not my motivation,,No,,No,,No,,Very unlikely,Very unlikely,Very unlikely,Very unlikely,Never,Never,Never,Never
Male,,Agree,,>10 years,Usually,A secondary motivation,The most primary motivation,"One of my motivations, but not important",A secondary motivation,Not my motivation,Not my motivation,"One of my motivations, but not important",,No,,No,,No,,Likely,Very unlikely,Unlikely,Likely,Usually,Rarely,Never,Rarely
Male,,Agree,,>10 years,Rarely,The most primary motivation,A secondary motivation,A secondary motivation,A secondary motivation,Not my motivation,Not my motivation,Not my motivation,,No,,No,,No,,Very unlikely,Very unlikely,Very unlikely,Very unlikely,Sometimes,Never,Never,Never
Male,,Agree,,>10 years,Rarely,The most primary motivation,A secondary motivation,Not my motivation,Not my motivation,Not my motivation,Not my motivation,Not my motivation,,No,,No,,No,,Very unlikely,Very unlikely,Very unlikely,Very unlikely,Never,Never,Never,Never
Male,,,Software Developer (Contractor),>10 years,Rarely,"One of my motivations, but not important",The most primary motivation,Not my motivation,Not my motivation,Not my motivation,Not my motivation,Not my motivation,,No,,No,,No,,Neither likely nor unlikely,Neither likely nor unlikely,Neither likely nor unlikely,Neither likely nor unlikely,Never,Never,Never,Never
Male,,Agree,,1~5 years,Usually,The most primary motivation,The most primary motivation,Not my motivation,Not my motivation,Not my motivation,Not my motivation,Not my motivation,,No,,No,,No,,Very unlikely,Very unlikely,Very unlikely,Very unlikely,Never,Never,Never,Never
Male,,Agree,,6~10 years,Rarely,The most primary motivation,A secondary motivation,Not my motivation,"One of my motivations, but not important","One of my motivations, but not important",Not my motivation,Not my motivation,,No,,No,,No,,Very unlikely,Very unlikely,Very unlikely,Very unlikely,Rarely,Never,Never,Never
Male,,Agree,,6~10 years,Rarely,A secondary motivation,A secondary motivation,Not my motivation,The most primary motivation,A secondary motivation,Not my motivation,Not my motivation,,No,,No,,No,,Unlikely,Unlikely,Unlikely,Unlikely,Never,Never,Never,Never
Male,,Agree,,6~10 years,Sometimes,The most primary motivation,The most primary motivation,"One of my motivations, but not important",A secondary motivation,A secondary motivation,A secondary motivation,"One of my motivations, but not important",,No,,No,,No,,Unlikely,Unlikely,Unlikely,Unlikely,Rarely,Rarely,Rarely,Rarely
Male,,Agree,,>10 years,Sometimes,The most primary motivation,A secondary motivation,"One of my motivations, but not important","One of my motivations, but not important","One of my motivations, but not important","One of my motivations, but not important",Not my motivation,,No,,No,,No,,Neither likely nor unlikely,Neither likely nor unlikely,Neither likely nor unlikely,Neither likely nor unlikely,Never,Never,Never,Never
Male,,Agree,,>10 years,Sometimes,A secondary motivation,The most primary motivation,Not my motivation,"One of my motivations, but not important","One of my motivations, but not important","One of my motivations, but not important",The most primary motivation,,No,,No,,No,,Very unlikely,Very unlikely,Very unlikely,Very unlikely,Rarely,Never,Never,Never
Male,,Agree,,>10 years,Sometimes,"One of my motivations, but not important",Not my motivation,Not my motivation,Not my motivation,Not my motivation,Not my motivation,Not my motivation,,No,,No,,No,,Neither likely nor unlikely,Neither likely nor unlikely,Neither likely nor unlikely,Neither likely nor unlikely,Never,Never,Never,Never
Male,,Agree,,6~10 years,Rarely,A secondary motivation,The most primary motivation,Not my motivation,"One of my motivations, but not important","One of my motivations, but not important","One of my motivations, but not important",Not my motivation,,No,,No,,No,,Unlikely,Unlikely,Unlikely,Unlikely,Rarely,,Rarely,Rarely
Male,,Agree,,>10 years,Usually,A secondary motivation,The most primary motivation,A secondary motivation,Not my motivation,Not my motivation,Not my motivation,Not my motivation,,No,,No,,No,,Neither likely nor unlikely,Neither likely nor unlikely,Neither likely nor unlikely,Neither likely nor unlikely,Never,Never,Never,Never
Male,,Agree,,>10 years,Sometimes,A secondary motivation,The most primary motivation,"One of my motivations, but not important",Not my motivation,Not my motivation,Not my motivation,Not my motivation,,No,,No,,No,,Very unlikely,Very unlikely,Very unlikely,Very unlikely,Never,Never,Never,Never
Male,,Agree,,>10 years,Usually,A secondary motivation,The most primary motivation,A secondary motivation,"One of my motivations, but not important","One of my motivations, but not important",Not my motivation,"One of my motivations, but not important",,No,,No,,No,,Very unlikely,Very unlikely,Very unlikely,Very unlikely,Rarely,Rarely,Never,Never
Male,,Agree,,>10 years,Usually,A secondary motivation,The most primary motivation,Not my motivation,"One of my motivations, but not important","One of my motivations, but not important",Not my motivation,"One of my motivations, but not important",,No,,No,,No,,Very unlikely,Very unlikely,Very unlikely,Very unlikely,Never,Never,Never,Never
Male,,Agree,,6~10 years,Sometimes,The most primary motivation,The most primary motivation,A secondary motivation,"One of my motivations, but not important",Not my motivation,"One of my motivations, but not important",Not my motivation,,No,,No,,No,,Very unlikely,Very unlikely,Very unlikely,Very unlikely,Never,Never,Never,Never
Male,,Agree,,6~10 years,Sometimes,The most primary motivation,A secondary motivation,"One of my motivations, but not important",A secondary motivation,Not my motivation,Not my motivation,Not my motivation,,No,,No,,No,,Neither likely nor unlikely,Very unlikely,Very unlikely,Very unlikely,Rarely,Never,Never,Never
Male,,Agree,,>10 years,Sometimes,"One of my motivations, but not important",The most primary motivation,"One of my motivations, but not important",Not my motivation,Not my motivation,Not my motivation,"One of my motivations, but not important",,No,,No,,No,,Neither likely nor unlikely,Neither likely nor unlikely,Neither likely nor unlikely,Neither likely nor unlikely,Rarely,Rarely,Rarely,Rarely
Male,,Agree,,>10 years,Rarely,A secondary motivation,The most primary motivation,"One of my motivations, but not important",Not my motivation,Not my motivation,Not my motivation,Not my motivation,,No,,No,,No,,Very unlikely,Very unlikely,Very unlikely,Very unlikely,Never,Never,Never,Never
Male,,Agree,,>10 years,Sometimes,"One of my motivations, but not important",The most primary motivation,Not my motivation,"One of my motivations, but not important",Not my motivation,Not my motivation,Not my motivation,,No,,No,,No,,Very unlikely,Very unlikely,Very unlikely,Very unlikely,Never,Never,Never,Never
Male,,Strongly agree,,>10 years,Usually,"One of my motivations, but not important",A secondary motivation,"One of my motivations, but not important",A secondary motivation,A secondary motivation,"One of my motivations, but not important",Not my motivation,,No,,No,,No,,Neither likely nor unlikely,Neither likely nor unlikely,Neither likely nor unlikely,Neither likely nor unlikely,Usually,Usually,Never,Never
Male,,Agree,,>10 years,Rarely,A secondary motivation,A secondary motivation,A secondary motivation,"One of my motivations, but not important","One of my motivations, but not important","One of my motivations, but not important",A secondary motivation,,No,,No,,No,,Neither likely nor unlikely,Neither likely nor unlikely,Neither likely nor unlikely,Neither likely nor unlikely,Sometimes,Sometimes,Sometimes,Sometimes
Male,,Neither agree nor disagree,,>10 years,Sometimes,A secondary motivation,The most primary motivation,A secondary motivation,A secondary motivation,A secondary motivation,A secondary motivation,A secondary motivation,,No,,No,,No,,Unlikely,Unlikely,Unlikely,Unlikely,Never,Rarely,Rarely,Rarely
Male,,Agree,,>10 years,Usually,The most primary motivation,A secondary motivation,Not my motivation,Not my motivation,Not my motivation,Not my motivation,Not my motivation,,No,,No,,No,,Neither likely nor unlikely,Neither likely nor unlikely,Neither likely nor unlikely,Neither likely nor unlikely,Never,Never,Never,Never
Male,,Agree,,>10 years,Sometimes,A secondary motivation,"One of my motivations, but not important",Not my motivation,A secondary motivation,Not my motivation,Not my motivation,Not my motivation,,No,,No,,No,,Unlikely,Very unlikely,Very unlikely,Unlikely,Usually,Never,Never,Never
Male,,Agree,,>10 years,Sometimes,The most primary motivation,A secondary motivation,Not my motivation,Not my motivation,Not my motivation,Not my motivation,Not my motivation,,No,,No,,No,,Very unlikely,Very unlikely,Very unlikely,Very unlikely,Rarely,Rarely,Never,Never
Male,,Agree,,>10 years,Usually,A secondary motivation,The most primary motivation,"One of my motivations, but not important",Not my motivation,Not my motivation,Not my motivation,Not my motivation,,No,,No,,No,,Very unlikely,Very unlikely,Very unlikely,Very unlikely,Rarely,Rarely,Never,Never
Male,,Agree,,>10 years,Rarely,Not my motivation,Not my motivation,Not my motivation,Not my motivation,Not my motivation,Not my motivation,Not my motivation,,No,,No,,No,,Very unlikely,Very unlikely,Very unlikely,Very unlikely,Never,Never,Never,Never
Male,,Neither agree nor disagree,,>10 years,Rarely,The most primary motivation,A secondary motivation,Not my motivation,A secondary motivation,Not my motivation,Not my motivation,Not my motivation,,No,,No,,No,,Very unlikely,Very unlikely,Very unlikely,Very unlikely,Sometimes,Sometimes,Sometimes,Rarely
Male,,Agree,,>10 years,Usually,The most primary motivation,A secondary motivation,Not my motivation,A secondary motivation,"One of my motivations, but not important","One of my motivations, but not important","One of my motivations, but not important",,No,,No,,No,,Unlikely,Unlikely,Unlikely,Neither likely nor unlikely,Rarely,Rarely,Never,Never
Male,,Disagree,,>10 years,Sometimes,The most primary motivation,The most primary motivation,"One of my motivations, but not important","One of my motivations, but not important",Not my motivation,Not my motivation,Not my motivation,,No,,No,,No,,Very unlikely,Very unlikely,Very unlikely,Very unlikely,Sometimes,Never,Never,Never
Male,,Agree,,>10 years,Sometimes,A secondary motivation,The most primary motivation,A secondary motivation,The most primary motivation,"One of my motivations, but not important",A secondary motivation,"One of my motivations, but not important",,No,,No,,No,,Very unlikely,Very unlikely,Very unlikely,Very unlikely,Sometimes,Rarely,Rarely,Sometimes
Male,,Agree,,>10 years,Rarely,The most primary motivation,A secondary motivation,Not my motivation,"One of my motivations, but not important","One of my motivations, but not important",Not my motivation,Not my motivation,,No,,No,,No,,Neither likely nor unlikely,Neither likely nor unlikely,Neither likely nor unlikely,Neither likely nor unlikely,Never,Never,Never,Never
Male,,Agree,,6~10 years,Sometimes,The most primary motivation,A secondary motivation,Not my motivation,"One of my motivations, but not important",Not my motivation,Not my motivation,Not my motivation,,No,,No,,No,,Very unlikely,Very unlikely,Very unlikely,Very unlikely,Never,Never,Never,Never
Male,,,P/T Software Developer,>10 years,Rarely,"One of my motivations, but not important","One of my motivations, but not important",A secondary motivation,Not my motivation,Not my motivation,Not my motivation,Not my motivation,,No,,No,,No,,Unlikely,Unlikely,Unlikely,Unlikely,Rarely,Never,Never,Rarely
Male,,Agree,,6~10 years,Rarely,A secondary motivation,The most primary motivation,The most primary motivation,Not my motivation,Not my motivation,Not my motivation,Not my motivation,,No,,No,,No,,Very unlikely,Very unlikely,Very unlikely,Very unlikely,Never,Never,Never,Never
Male,,,"Teacher (of Latin and Greek, in a high school)",6~10 years,Sometimes,A secondary motivation,The most primary motivation,Not my motivation,Not my motivation,Not my motivation,Not my motivation,Not my motivation,,No,,No,,No,,Very unlikely,Very unlikely,Very unlikely,Very unlikely,Sometimes,Never,Never,Never
Male,,Agree,,>10 years,Sometimes,A secondary motivation,The most primary motivation,"One of my motivations, but not important",Not my motivation,Not my motivation,Not my motivation,Not my motivation,,No,,No,,No,,Neither likely nor unlikely,Neither likely nor unlikely,Neither likely nor unlikely,Neither likely nor unlikely,Rarely,Never,Never,Never
Male,,Agree,,1~5 years,Rarely,The most primary motivation,A secondary motivation,Not my motivation,Not my motivation,Not my motivation,Not my motivation,Not my motivation,,No,,No,,No,,Neither likely nor unlikely,Neither likely nor unlikely,Neither likely nor unlikely,Neither likely nor unlikely,Never,Never,Never,Never
Male,,Neither agree nor disagree,,6~10 years,Sometimes,The most primary motivation,The most primary motivation,Not my motivation,Not my motivation,Not my motivation,Not my motivation,Not my motivation,,No,,No,,No,,Very unlikely,Very unlikely,Very unlikely,Very unlikely,Never,Never,Never,Never
Male,,Agree,,>10 years,Usually,The most primary motivation,A secondary motivation,Not my motivation,"One of my motivations, but not important","One of my motivations, but not important",Not my motivation,Not my motivation,,No,,No,,No,,Unlikely,Unlikely,Unlikely,Unlikely,Sometimes,Rarely,Never,Never
Male,,Agree,,>10 years,Rarely,A secondary motivation,The most primary motivation,Not my motivation,A secondary motivation,A secondary motivation,"One of my motivations, but not important","One of my motivations, but not important",,No,,No,,No,,Unlikely,Unlikely,Unlikely,Unlikely,Sometimes,Rarely,Rarely,Sometimes
Male,,Agree,,>10 years,Rarely,The most primary motivation,A secondary motivation,Not my motivation,Not my motivation,Not my motivation,Not my motivation,"One of my motivations, but not important",,No,,No,,No,,Very unlikely,Very unlikely,Very unlikely,Very unlikely,Never,Never,Never,Never
Male,,Agree,,>10 years,Sometimes,The most primary motivation,The most primary motivation,"One of my motivations, but not important",A secondary motivation,"One of my motivations, but not important",Not my motivation,"One of my motivations, but not important",,"Yes (please specify your target points, e.g., 10k reputation points)",50k,No,,No,,Very unlikely,Very unlikely,Very unlikely,Very unlikely,Usually,Rarely,Rarely,Rarely
Male,,Neither agree nor disagree,,>10 years,Rarely,A secondary motivation,The most primary motivation,Not my motivation,,"One of my motivations, but not important","One of my motivations, but not important",A secondary motivation,,No,,No,,No,,Neither likely nor unlikely,Neither likely nor unlikely,Neither likely nor unlikely,Likely,Never,Rarely,Never,Never
Male,,Neither agree nor disagree,,>10 years,Rarely,A secondary motivation,The most primary motivation,"One of my motivations, but not important",A secondary motivation,Not my motivation,Not my motivation,A secondary motivation,,No,,No,,No,,Very unlikely,Unlikely,Unlikely,Unlikely,Sometimes,Sometimes,Sometimes,Sometimes
Male,,Agree,,>10 years,Sometimes,The most primary motivation,The most primary motivation,Not my motivation,A secondary motivation,,"One of my motivations, but not important",Not my motivation,,No,,No,,No,,Neither likely nor unlikely,Neither likely nor unlikely,Neither likely nor unlikely,Neither likely nor unlikely,Rarely,Rarely,Rarely,Rarely
Male,,Strongly agree,,>10 years,Always,The most primary motivation,A secondary motivation,Not my motivation,"One of my motivations, but not important",Not my motivation,Not my motivation,Not my motivation,,No,,"Yes (please specify the most desired badge you want to earn, e.g., explainer)",Want to reach 10K bronze/silver badges to break the UI...,No,,Very unlikely,Very unlikely,Very unlikely,Very unlikely,Usually,Sometimes,Rarely,Rarely
Male,,,Contractor ,>10 years,Rarely,A secondary motivation,The most primary motivation,Not my motivation,Not my motivation,Not my motivation,Not my motivation,Not my motivation,,No,,No,,No,,Unlikely,Very unlikely,Very unlikely,Very unlikely,Sometimes,Sometimes,Sometimes,Sometimes
Male,,Disagree,,6~10 years,Always,A secondary motivation,"One of my motivations, but not important",Not my motivation,"One of my motivations, but not important","One of my motivations, but not important","One of my motivations, but not important","One of my motivations, but not important",Karma (contributing to grow the community so it helps me more later),No,,No,,No,,Unlikely,Unlikely,Unlikely,Unlikely,Sometimes,Rarely,Never,Never
Male,,Neither agree nor disagree,,>10 years,Always,A secondary motivation,Not my motivation,A secondary motivation,"One of my motivations, but not important",Not my motivation,Not my motivation,Not my motivation,,No,,No,,No,,Unlikely,Very unlikely,Unlikely,Very unlikely,Rarely,Never,Never,Never
Male,,Agree,,>10 years,Rarely,A secondary motivation,"One of my motivations, but not important",Not my motivation,The most primary motivation,A secondary motivation,A secondary motivation,A secondary motivation,,No,,No,,No,,Very unlikely,Very unlikely,Very unlikely,Very unlikely,Sometimes,Sometimes,Never,Never
Male,,Agree,,1~5 years,Sometimes,The most primary motivation,Not my motivation,"One of my motivations, but not important","One of my motivations, but not important","One of my motivations, but not important",Not my motivation,Not my motivation,,No,,No,,No,,Neither likely nor unlikely,Neither likely nor unlikely,Neither likely nor unlikely,Neither likely nor unlikely,Rarely,Never,Rarely,Rarely
Male,,Agree,,>10 years,Usually,The most primary motivation,The most primary motivation,Not my motivation,"One of my motivations, but not important","One of my motivations, but not important","One of my motivations, but not important",A secondary motivation,,No,,No,,No,,Very unlikely,Very unlikely,Very unlikely,Very unlikely,Sometimes,Sometimes,Never,Sometimes
Male,,Agree,,>10 years,Rarely,The most primary motivation,A secondary motivation,"One of my motivations, but not important","One of my motivations, but not important",Not my motivation,Not my motivation,A secondary motivation,,No,,No,,No,,Unlikely,Unlikely,Unlikely,Unlikely,Rarely,Never,Never,Never
Male,,Neither agree nor disagree,,>10 years,Usually,The most primary motivation,A secondary motivation,Not my motivation,Not my motivation,Not my motivation,Not my motivation,Not my motivation,,No,,No,,No,,Very unlikely,Very unlikely,Very unlikely,Very unlikely,Never,Never,Never,Never
Male,,Agree,,>10 years,Usually,A secondary motivation,Not my motivation,Not my motivation,Not my motivation,The most primary motivation,Not my motivation,Not my motivation,,No,,No,,No,,Neither likely nor unlikely,Neither likely nor unlikely,Neither likely nor unlikely,Neither likely nor unlikely,Never,Never,Never,Never
Male,,Neither agree nor disagree,,>10 years,Rarely,A secondary motivation,A secondary motivation,A secondary motivation,A secondary motivation,"One of my motivations, but not important",Not my motivation,Not my motivation,,No,,No,,No,,Very unlikely,Very unlikely,Very unlikely,Very unlikely,Never,Never,Never,Never
Male,,Neither agree nor disagree,,>10 years,Rarely,The most primary motivation,A secondary motivation,Not my motivation,Not my motivation,Not my motivation,Not my motivation,Not my motivation,,No,,No,,No,,Neither likely nor unlikely,Neither likely nor unlikely,Neither likely nor unlikely,Neither likely nor unlikely,Rarely,Rarely,Rarely,Rarely
Male,,Agree,,>10 years,Sometimes,The most primary motivation,A secondary motivation,Not my motivation,Not my motivation,Not my motivation,Not my motivation,"One of my motivations, but not important",,No,,No,,No,,Unlikely,Unlikely,Unlikely,Unlikely,Rarely,Never,Never,Never
Male,,Agree,,>10 years,Sometimes,The most primary motivation,The most primary motivation,Not my motivation,"One of my motivations, but not important","One of my motivations, but not important","One of my motivations, but not important","One of my motivations, but not important",,No,,No,,No,,Unlikely,Unlikely,Unlikely,Unlikely,Never,Never,Never,Never
Male,,Agree,,6~10 years,Always,The most primary motivation,A secondary motivation,Not my motivation,A secondary motivation,"One of my motivations, but not important",The most primary motivation,The most primary motivation,,No,,"Yes (please specify the most desired badge you want to earn, e.g., explainer)",Android Gold Badge ,"Yes (please specify your target ranking, e.g., top10 contributor)",Top 100 contributor in Android Community ,Likely,Likely,Likely,Very unlikely,Sometimes,Sometimes,Sometimes,Never
Male,,Agree,,>10 years,Sometimes,A secondary motivation,The most primary motivation,"One of my motivations, but not important",A secondary motivation,A secondary motivation,Not my motivation,Not my motivation,,No,,No,,No,,Unlikely,Unlikely,Unlikely,Neither likely nor unlikely,Rarely,Rarely,Never,Never
Male,,Agree,,>10 years,Sometimes,A secondary motivation,A secondary motivation,"One of my motivations, but not important","One of my motivations, but not important","One of my motivations, but not important","One of my motivations, but not important","One of my motivations, but not important",,No,,No,,No,,Very unlikely,Very unlikely,Very unlikely,Very unlikely,Sometimes,Rarely,Rarely,Rarely
Male,,Neither agree nor disagree,,>10 years,Rarely,"One of my motivations, but not important",A secondary motivation,"One of my motivations, but not important",The most primary motivation,The most primary motivation,The most primary motivation,A secondary motivation,,No,,No,,No,,Unlikely,Unlikely,Unlikely,Unlikely,Rarely,Rarely,Rarely,Rarely
Male,,Agree,,>10 years,Usually,A secondary motivation,The most primary motivation,Not my motivation,"One of my motivations, but not important","One of my motivations, but not important",Not my motivation,Not my motivation,just for fun,No,,No,,No,,Unlikely,Very unlikely,Very unlikely,Very unlikely,Rarely,Sometimes,Never,Never
Male,,Agree,,6~10 years,Rarely,The most primary motivation,"One of my motivations, but not important",Not my motivation,"One of my motivations, but not important",Not my motivation,Not my motivation,"One of my motivations, but not important",,No,,No,,No,,Unlikely,Unlikely,Unlikely,Unlikely,Rarely,Never,Never,Rarely
Male,,Unemployed,,>10 years,Rarely,A secondary motivation,The most primary motivation,Not my motivation,"One of my motivations, but not important",Not my motivation,Not my motivation,"One of my motivations, but not important",,No,,No,,No,,Neither likely nor unlikely,Very unlikely,Very unlikely,Neither likely nor unlikely,Rarely,Never,Rarely,Never
Male,,Strongly agree,,>10 years,Usually,A secondary motivation,The most primary motivation,Not my motivation,"One of my motivations, but not important",Not my motivation,Not my motivation,"One of my motivations, but not important",,No,,No,,No,,Very unlikely,Very unlikely,Very unlikely,Very unlikely,Rarely,Never,Never,Never
Male,,Agree,,>10 years,Rarely,The most primary motivation,A secondary motivation,"One of my motivations, but not important",A secondary motivation,"One of my motivations, but not important",A secondary motivation,Not my motivation,,No,,No,,No,,Very unlikely,Very unlikely,Very unlikely,Very unlikely,Rarely,Rarely,Rarely,Never
Male,,Agree,,6~10 years,Rarely,A secondary motivation,A secondary motivation,The most primary motivation,A secondary motivation,"One of my motivations, but not important",Not my motivation,"One of my motivations, but not important",,No,,No,,No,,Very unlikely,Very unlikely,Very unlikely,Very unlikely,Usually,Usually,Never,Never
Male,,Agree,,>10 years,Sometimes,The most primary motivation,The most primary motivation,"One of my motivations, but not important",A secondary motivation,"One of my motivations, but not important","One of my motivations, but not important","One of my motivations, but not important",,No,,No,,No,,Neither likely nor unlikely,Neither likely nor unlikely,Neither likely nor unlikely,Neither likely nor unlikely,Rarely,Rarely,Never,Never
Male,,Agree,,>10 years,Sometimes,The most primary motivation,A secondary motivation,Not my motivation,Not my motivation,Not my motivation,Not my motivation,"One of my motivations, but not important",,No,,No,,No,,Neither likely nor unlikely,Neither likely nor unlikely,Neither likely nor unlikely,Very unlikely,Rarely,Never,Never,Never
Male,,Neither agree nor disagree,,>10 years,Sometimes,The most primary motivation,The most primary motivation,Not my motivation,A secondary motivation,A secondary motivation,"One of my motivations, but not important",Not my motivation,,No,,No,,No,,Neither likely nor unlikely,Neither likely nor unlikely,Neither likely nor unlikely,Neither likely nor unlikely,Sometimes,Rarely,Rarely,Rarely
Male,,Agree,,>10 years,Rarely,Not my motivation,A secondary motivation,Not my motivation,The most primary motivation,Not my motivation,"One of my motivations, but not important","One of my motivations, but not important",,No,,No,,No,,Neither likely nor unlikely,Unlikely,Unlikely,Likely,Rarely,Never,Rarely,Never
Male,,Agree,,>10 years,Sometimes,The most primary motivation,The most primary motivation,"One of my motivations, but not important","One of my motivations, but not important","One of my motivations, but not important",Not my motivation,Not my motivation,,No,,No,,No,,Very unlikely,Very unlikely,Very unlikely,Very unlikely,Rarely,Rarely,Rarely,Rarely
Male,,Neither agree nor disagree,,>10 years,Usually,A secondary motivation,The most primary motivation,Not my motivation,"One of my motivations, but not important",Not my motivation,Not my motivation,"One of my motivations, but not important",,No,,No,,No,,Very unlikely,Very unlikely,Very unlikely,Very unlikely,Sometimes,Never,Never,Never
Male,,Neither agree nor disagree,,>10 years,Rarely,The most primary motivation,A secondary motivation,Not my motivation,A secondary motivation,Not my motivation,Not my motivation,"One of my motivations, but not important",,No,,No,,No,,Very unlikely,Very unlikely,Very unlikely,Likely,Rarely,Never,Never,Never
Male,,Agree,,>10 years,Sometimes,A secondary motivation,The most primary motivation,,A secondary motivation,A secondary motivation,"One of my motivations, but not important","One of my motivations, but not important",,No,,No,,No,,Very unlikely,Very unlikely,Very unlikely,Very unlikely,Usually,Usually,Usually,Always
Male,,Neither agree nor disagree,,6~10 years,Sometimes,A secondary motivation,The most primary motivation,The most primary motivation,A secondary motivation,"One of my motivations, but not important","One of my motivations, but not important",A secondary motivation,,No,,No,,No,,Very unlikely,Very unlikely,Very unlikely,Unlikely,Rarely,Rarely,Never,Never
Male,,Agree,,>10 years,Sometimes,A secondary motivation,The most primary motivation,"One of my motivations, but not important",Not my motivation,Not my motivation,Not my motivation,Not my motivation,,No,,No,,No,,Very unlikely,Very unlikely,Very unlikely,Very unlikely,Rarely,Rarely,Rarely,Rarely
Male,,Agree,,>10 years,Rarely,"One of my motivations, but not important",A secondary motivation,The most primary motivation,"One of my motivations, but not important",Not my motivation,"One of my motivations, but not important","One of my motivations, but not important",,No,,No,,No,,Very unlikely,Very unlikely,Very unlikely,Very unlikely,Rarely,Rarely,Rarely,Sometimes
Male,,Agree,,>10 years,Always,A secondary motivation,The most primary motivation,Not my motivation,Not my motivation,"One of my motivations, but not important",Not my motivation,Not my motivation,"I used to play the points game, but not anymore.",No,,No,,No,,Very unlikely,Very unlikely,Very unlikely,Very unlikely,Never,Never,Never,Never
Male,,Agree,,>10 years,Never,A secondary motivation,The most primary motivation,"One of my motivations, but not important","One of my motivations, but not important","One of my motivations, but not important",Not my motivation,Not my motivation,,No,,No,,No,,Very unlikely,Very unlikely,Very unlikely,Very unlikely,Usually,Sometimes,Never,Never
Male,,Agree,,>10 years,Sometimes,"One of my motivations, but not important","One of my motivations, but not important","One of my motivations, but not important","One of my motivations, but not important","One of my motivations, but not important",Not my motivation,Not my motivation,,No,,No,,No,,Neither likely nor unlikely,Neither likely nor unlikely,Neither likely nor unlikely,Neither likely nor unlikely,Rarely,Rarely,Never,Never
Male,,Agree,,>10 years,Sometimes,A secondary motivation,The most primary motivation,A secondary motivation,Not my motivation,Not my motivation,Not my motivation,Not my motivation,,No,,"Yes (please specify the most desired badge you want to earn, e.g., explainer)","Topic gold badges, e.g. ios, swift",No,,Very unlikely,Very unlikely,Very unlikely,Very unlikely,Rarely,Rarely,Rarely,Rarely
Male,,Agree,,>10 years,Usually,A secondary motivation,The most primary motivation,"One of my motivations, but not important","One of my motivations, but not important","One of my motivations, but not important",Not my motivation,Not my motivation,,No,,No,,No,,Very unlikely,Very unlikely,Very unlikely,Very unlikely,Sometimes,Sometimes,Never,Sometimes
Male,,Agree,,>10 years,Sometimes,A secondary motivation,"One of my motivations, but not important",Not my motivation,A secondary motivation,"One of my motivations, but not important",Not my motivation,"One of my motivations, but not important",I get help for my own programming from SO community and want to return the favor.,No,,No,,No,,Very unlikely,Very unlikely,Very unlikely,Very unlikely,Sometimes,Rarely,Never,Rarely
Male,,Agree,,6~10 years,Usually,The most primary motivation,A secondary motivation,Not my motivation,"One of my motivations, but not important",A secondary motivation,Not my motivation,Not my motivation,,No,,No,,No,,Neither likely nor unlikely,Neither likely nor unlikely,Neither likely nor unlikely,Neither likely nor unlikely,Never,Never,Never,Never
Male,,Agree,,1~5 years,Rarely,A secondary motivation,The most primary motivation,"One of my motivations, but not important","One of my motivations, but not important",,,,,No,,No,,No,,,,,,Rarely,Rarely,Rarely,Sometimes
Male,,Disagree,,6~10 years,Rarely,"One of my motivations, but not important",The most primary motivation,Not my motivation,Not my motivation,Not my motivation,Not my motivation,Not my motivation,,No,,No,,No,,Neither likely nor unlikely,Neither likely nor unlikely,Neither likely nor unlikely,Neither likely nor unlikely,Never,Never,Never,Never
Male,,Neither agree nor disagree,,>10 years,Sometimes,The most primary motivation,The most primary motivation,"One of my motivations, but not important","One of my motivations, but not important","One of my motivations, but not important","One of my motivations, but not important",A secondary motivation,,No,,No,,No,,Neither likely nor unlikely,Neither likely nor unlikely,Neither likely nor unlikely,Neither likely nor unlikely,Rarely,Rarely,Rarely,Never
Male,,Agree,,>10 years,Rarely,The most primary motivation,A secondary motivation,"One of my motivations, but not important",A secondary motivation,A secondary motivation,Not my motivation,"One of my motivations, but not important",,No,,No,,No,,Neither likely nor unlikely,Neither likely nor unlikely,Unlikely,Likely,Usually,Sometimes,Never,Never
Male,,Agree,,>10 years,Sometimes,The most primary motivation,"One of my motivations, but not important",Not my motivation,"One of my motivations, but not important",Not my motivation,Not my motivation,"One of my motivations, but not important",,No,,No,,No,,Very unlikely,Very unlikely,Very unlikely,Very unlikely,Never,Never,Never,
Male,,Strongly agree,,>10 years,Always,The most primary motivation,A secondary motivation,The most primary motivation,"One of my motivations, but not important",Not my motivation,Not my motivation,Not my motivation,,"Yes (please specify your target points, e.g., 10k reputation points)",I find staying in the top 10% (and working up) motivating,No,,No,,Likely,Very unlikely,Very unlikely,Very unlikely,Sometimes,Never,Never,Never
Male,,Neither agree nor disagree,,1~5 years,Sometimes,The most primary motivation,A secondary motivation,A secondary motivation,A secondary motivation,Not my motivation,Not my motivation,Not my motivation,,No,,No,,No,,Very unlikely,Very unlikely,Very unlikely,Very unlikely,Rarely,Rarely,Never,Never
Male,,Agree,,1~5 years,Sometimes,The most primary motivation,,"One of my motivations, but not important",Not my motivation,,,A secondary motivation,,"Yes (please specify your target points, e.g., 10k reputation points)",10k,No,,No,,Unlikely,Unlikely,Unlikely,Unlikely,Rarely,Rarely,Never,Rarely
Male,,Strongly agree,,6~10 years,Always,The most primary motivation,The most primary motivation,Not my motivation,"One of my motivations, but not important","One of my motivations, but not important",A secondary motivation,A secondary motivation,,No,,No,,No,,Very unlikely,Very unlikely,Very unlikely,Very unlikely,Rarely,Sometimes,Sometimes,Sometimes
Male,,Neither agree nor disagree,,>10 years,Sometimes,A secondary motivation,A secondary motivation,"One of my motivations, but not important",Not my motivation,Not my motivation,Not my motivation,Not my motivation,,No,,No,,No,,Very unlikely,Very unlikely,Very unlikely,Very unlikely,Never,Never,Never,Never
Male,,Agree,,6~10 years,Rarely,A secondary motivation,The most primary motivation,A secondary motivation,Not my motivation,Not my motivation,Not my motivation,Not my motivation,,No,,No,,No,,Very unlikely,Very unlikely,Very unlikely,Very unlikely,Sometimes,Never,Never,Never
Male,,Agree,,6~10 years,Usually,"One of my motivations, but not important","One of my motivations, but not important",The most primary motivation,The most primary motivation,Not my motivation,Not my motivation,Not my motivation,,No,,No,,No,,Unlikely,Very unlikely,Very unlikely,Very unlikely,Sometimes,Never,Never,Rarely
Female,,,Contract programmer,>10 years,Sometimes,The most primary motivation,The most primary motivation,A secondary motivation,The most primary motivation,A secondary motivation,"One of my motivations, but not important",A secondary motivation,,No,,No,,No,,Unlikely,Unlikely,Unlikely,Unlikely,Rarely,Rarely,Rarely,Never
Female,,Strongly disagree,,1~5 years,Rarely,Not my motivation,Not my motivation,A secondary motivation,The most primary motivation,"One of my motivations, but not important",Not my motivation,Not my motivation,,No,,No,,No,,Very likely,Unlikely,Unlikely,Unlikely,Rarely,Never,Never,Never
Female,,Neither agree nor disagree,,>10 years,Never,A secondary motivation,The most primary motivation,A secondary motivation,"One of my motivations, but not important",Not my motivation,Not my motivation,"One of my motivations, but not important",,No,,No,,No,,Very unlikely,Very unlikely,Very unlikely,Very unlikely,Never,Never,Never,Never
Female,,,unicorn breeder ,1~5 years,Sometimes,The most primary motivation,The most primary motivation,Not my motivation,"One of my motivations, but not important","One of my motivations, but not important","One of my motivations, but not important","One of my motivations, but not important",,No,,No,,No,,Very unlikely,Very unlikely,Very unlikely,Very unlikely,Never,Never,Never,Never
Female,,Agree,,6~10 years,Always,A secondary motivation,Not my motivation,A secondary motivation,A secondary motivation,Not my motivation,The most primary motivation,A secondary motivation,,No,,No,,No,,Very likely,Neither likely nor unlikely,Likely,Very unlikely,Sometimes,Never,Usually,Always
Female,,,I'm a UX designer,6~10 years,Rarely,Not my motivation,The most primary motivation,Not my motivation,Not my motivation,Not my motivation,Not my motivation,Not my motivation,,No,,No,,No,,Neither likely nor unlikely,Neither likely nor unlikely,Neither likely nor unlikely,Neither likely nor unlikely,Never,Never,Never,Never